EX_but(e)	0
EX_octa(e)	3.5215619729964702
EX_dca(e)	2.370126249075219
EX_ddca(e)	16.415650409563405
EX_ttdca(e)	6.173036070072968
EX_hdca(e)	32.58095319754706
EX_ocdca(e)	5.629815997711217
EX_hdcea(e)	0.3093918989046185
EX_ocdcea(e)	41.44316608006868
EX_CE2510(e)	0.06332659788191916
EX_doco13ac(e)	0
EX_lnlc(e)	27.411066875419372
EX_strdnc(e)	0
EX_arachd(e)	0.184077646099686
EX_tmndnc[e]	0
EX_clpnd(e)	0
EX_crvnc(e)	0
EX_chsterol(e)	0.2868201115469018
EX_ca2(e)	10.673436798243424
EX_fe2(e)	0.09488763541946459
EX_fe3(e)	0.09488763541946459
EX_mg2(e)	2.9911540835219093
EX_pi(e)	5.084221285214625
EX_k(e)	27.949297028259537
EX_na1(e)	9.813060638075267
EX_zn2(e)	0.11340776996023248
EX_cu2(e)	0.009647814181852515
EX_h2o(e)	3948.648036555635
EX_etoh(e)	0
EX_ascb_L(e)	0.3238021382373533
EX_thm(e)	0.00588178987664054
EX_ribflv(e)	0.0033509324353371826
EX_nac(e)	0.05692296982428553
EX_ncam(e)	0.056912202783059265
EX_pydam(e)	0.002357235871340398
EX_pydx(e)	0.00238598884116406
EX_pydxn(e)	0.002357559128128316
EX_5mthf(e)	0.00005164709010554962
EX_fol(e)	0.00026882452919517843
EX_thf(e)	0.00005339826297497166
EX_chol[e]	1.5613204468046709
EX_adpcbl(e)	0.0000012101937360888813
EX_retinol(e)	0.00197949671078814
EX_caro(e)	0
EX_avite1(e)	0.022171499312408163
EX_phyQ(e)	0.00011189367903887256
EX_ptdca(e)	0
EX_hpdca(e)	0.040008506446825236
EX_arach(e)	0.0031458401881084034
EX_docosac(e)	0
EX_ttdcea(e)	0
EX_lnlnca(e)	0.04592286760552617
EX_CE4843(e)	0.04143214737876625
EX_mn2(e)	0.00023189758572588447
EX_trp_L(e)	1.3196216725457974
EX_thr_L(e)	9.666787553979542
EX_ile_L(e)	9.622719326934147
EX_leu_L(e)	16.652982437683395
EX_lys_L(e)	16.15851028054526
EX_met_L(e)	4.735432236030381
EX_phe_L(e)	6.52585430878914
EX_tyr_L(e)	5.387096863211517
EX_val_L(e)	11.435785850684145
EX_arg_L(e)	9.737975639365354
EX_his_L(e)	7.137397150970709
EX_ala_D[e]	8.447782771300167
EX_ala_L(e)	8.447782771300167
EX_asp_D[e]	9.496217486394231
EX_asp_L(e)	9.496217486394231
EX_glu_L(e)	28.01412251328177
EX_gly(e)	15.391931964415603
EX_pro_D[e]	4.502890198513861
EX_pro_L(e)	4.502890198513861
EX_ser_L(e)	10.546698816091713
EX_4hpro[e]	0.5007248537518904
EX_pnto_R(e)	0.004544625550458927
EX_vitd3(e)	5.095704347233773e-7
