EX_but(e)	0
EX_octa(e)	0
EX_dca(e)	0
EX_ddca(e)	0
EX_ttdca(e)	0.8422214696322622
EX_ptdca(e)	0
EX_hdca(e)	14.129297252600756
EX_hpdca(e)	0.20045078229991012
EX_ocdca(e)	7.118971966276419
EX_arach(e)	0.015761301350624757
EX_docosac(e)	0
EX_ttdcea(e)	0
EX_hdcea(e)	1.550116554715997
EX_ocdcea(e)	21.527329213290727
EX_CE2510(e)	0.31727917918390114
EX_doco13ac(e)	0
EX_lnlc(e)	7.6609617535227015
EX_lnlnca(e)	0.23008293871748317
EX_strdnc(e)	0
EX_CE4843(e)	0.20758351390790028
EX_arachd(e)	0.9222665738259777
EX_tmndnc[e]	0
EX_clpnd(e)	0
EX_crvnc(e)	0
EX_chsterol(e)	0.9270057040735438
EX_ca2(e)	0.7350666200908228
EX_fe2(e)	0.05055510788790402
EX_fe3(e)	0.05055510788790402
EX_mg2(e)	5.8584653363505454
EX_pi(e)	13.658882696581452
EX_k(e)	52.869562103723176
EX_na1(e)	12.173675889973959
EX_zn2(e)	0.18174059345365556
EX_cu2(e)	0.008576621659899914
EX_mn2(e)	0.0011618542305245846
EX_h2o(e)	18928.34860185354
EX_etoh(e)	0
EX_trp_L(e)	6.611573889999863
EX_thr_L(e)	48.43257845922404
EX_ile_L(e)	48.21178764821087
EX_leu_L(e)	83.43484058063822
EX_lys_L(e)	80.95743416069105
EX_met_L(e)	23.725481917254253
EX_phe_L(e)	32.69586189403538
EX_tyr_L(e)	26.990454692212808
EX_val_L(e)	57.295620945774644
EX_arg_L(e)	48.789245295187634
EX_his_L(e)	35.75981633802672
EX_ala_D[e]	42.3251157215141
EX_ala_L(e)	42.3251157215141
EX_asp_D[e]	47.57798761040376
EX_asp_L(e)	47.57798761040376
EX_glu_L(e)	140.35647095940155
EX_gly(e)	77.11672035232714
EX_pro_D[e]	22.560398851737816
EX_pro_L(e)	22.560398851737816
EX_ser_L(e)	52.841113456132966
EX_4hpro[e]	2.508733706042634
EX_ascb_L(e)	0
EX_thm(e)	0.017578364950145954
EX_ribflv(e)	0.005048757332996072
EX_nac(e)	0.14942945008865577
EX_ncam(e)	0.1494011853467688
EX_pnto_R(e)	0.022769501482401356
EX_pydam(e)	0.007148283205576011
EX_pydx(e)	0.0072354761648381
EX_pydxn(e)	0.007149263477044072
EX_5mthf(e)	0
EX_fol(e)	0
EX_thf(e)	0
EX_chol[e]	4.190224131906446
EX_adpcbl(e)	0.0000017717980797195816
EX_retinol(e)	0
EX_caro(e)	0
EX_avite1(e)	0.0009119907983657534
EX_vitd3(e)	0.000002553051871930391
EX_phyQ(e)	0
