EX_but(e)	0
EX_octa(e)	0
EX_dca(e)	0
EX_ddca(e)	0.1192615716838811
EX_ttdca(e)	0.522732370702357
EX_hdca(e)	2.4196595281190185
EX_ocdca(e)	0.1677077553018969
EX_hdcea(e)	0.4690207549083407
EX_ocdcea(e)	0.4222723903850513
EX_CE2510(e)	0
EX_doco13ac(e)	0
EX_lnlc(e)	0.340254976515321
EX_strdnc(e)	0
EX_arachd(e)	0
EX_tmndnc[e]	0
EX_clpnd(e)	0
EX_crvnc(e)	0
EX_chsterol(e)	0
EX_ca2(e)	8.896402016068667
EX_fe2(e)	0.12130808487778673
EX_fe3(e)	0.12130808487778673
EX_mg2(e)	8.801892614688335
EX_pi(e)	7.4297270348919
EX_k(e)	139.82960895998036
EX_na1(e)	1.033938170953232
EX_zn2(e)	0.08362037320281432
EX_cu2(e)	0.03403943599911875
EX_mn2(e)	0.038507558832863456
EX_h2o(e)	123617.91212792696
EX_etoh(e)	0
EX_trp_L(e)	1.047520090566688
EX_thr_L(e)	4.190508331150646
EX_ile_L(e)	4.167857842587913
EX_leu_L(e)	6.161181158608219
EX_lys_L(e)	6.297950684633701
EX_met_L(e)	1.2744343089296857
EX_phe_L(e)	3.3096009361392493
EX_tyr_L(e)	3.9356802446071364
EX_val_L(e)	5.072716765275558
EX_arg_L(e)	5.290998345403686
EX_his_L(e)	1.6852223524149461
EX_ala_D[e]	2.6679926189653083
EX_ala_L(e)	2.6679926189653083
EX_asp_D[e]	6.658026400756428
EX_asp_L(e)	6.658026400756428
EX_glu_L(e)	21.635517888220267
EX_gly(e)	6.016390778322184
EX_pro_D[e]	1.9613829523888109
EX_pro_L(e)	1.9613829523888109
EX_ser_L(e)	7.237807419361592
EX_ascb_L(e)	0.6379706731872894
EX_thm(e)	0.002776925668520538
EX_ribflv(e)	0.004926242926061718
EX_nac(e)	0.04020020229071714
EX_ncam(e)	0.04019259837903256
EX_pnto_R(e)	0.021893578704743226
EX_pydam(e)	0.0020604291148791478
EX_pydx(e)	0.0020855617105961085
EX_pydxn(e)	0.002060711669419195
EX_5mthf(e)	0.000116659930168728
EX_fol(e)	0.000121443631149244
EX_thf(e)	0.00012061546191780896
EX_chol[e]	1.4147342633444306
EX_adpcbl(e)	0
EX_retinol(e)	0
EX_caro(e)	0.09280026583587987
EX_avite1(e)	0.044150756165283016
EX_phyQ(e)	0.00004219254809841763
